Indikator;Level;Tahun
1.1. Terkait Kaji Ulang RAD GRK /PPRKD;5;2016
1.2. Tingkat operasionalisasi regulasi Kaji Ulang RAD GRK /PPRKD;5;2016
2.1. Visi Misi;4;2016
2.2. Isu Strategis Pembangunan;4;2016
2.3. Prioritas Pembangunan Daerah;4;2016
2.4. Indikator Pembangunan;4;2016
2.5. Program dan Kegiatan Pembangunan Daerah;4;2016
3.1. Pelaksanaan Kaji Ulang RAD GRK /PPRKD;4;2016
3.2. Kerjasama lembaga Pelaksanaan Kaji Ulang RAD GRK /PPRKD;4;2016
3.3. Tahapan;4;2016
3.4. Pelibatan Masyarakat;4;2016
3.5. Proses pengarusutamaan;4;2016
7.1. Ketersediaan dan Aksesibilitas Data;4.2;2016
7.2. Kualitas Data;3.9;2016
7.3. Pengelolaan Data;3;2016
9.1. Muatan/Substansi;4;2016
9.2. Pelaksanaan;4.2;2016
9.3. Pelaksana;4.3;2016
9.4 Pemanfaatan;4;2016
1.1. Terkait Kaji Ulang RAD GRK /PPRKD;5;2017
1.2. Tingkat operasionalisasi regulasi Kaji Ulang RAD GRK /PPRKD;4;2017
2.1. Visi Misi;4;2017
2.2. Isu Strategis Pembangunan;4;2017
2.3. Prioritas Pembangunan Daerah;2;2017
2.4. Indikator Pembangunan;2;2017
2.5. Program dan Kegiatan Pembangunan Daerah;5;2017
3.1. Pelaksanaan Kaji Ulang RAD GRK /PPRKD;5;2017
3.2. Kerjasama lembaga Pelaksanaan Kaji Ulang RAD GRK /PPRKD;5;2017
3.3. Tahapan;5;2017
3.4. Pelibatan Masyarakat;4;2017
3.5. Proses pengarusutamaan;5;2017
7.1. Ketersediaan dan Aksesibilitas Data;4.05;2017
7.2. Kualitas Data;4.32;2017
7.3. Pengelolaan Data;2;2017
9.1. Muatan/Substansi;3.4;2017
9.2. Pelaksanaan;4;2017
9.3. Pelaksana;2.33;2017
9.4 Pemanfaatan;3;2017
1.1. Terkait Kaji Ulang RAD GRK /PPRKD;5;2018
1.2. Tingkat operasionalisasi regulasi Kaji Ulang RAD GRK /PPRKD;2;2018
2.1. Visi Misi;2;2018
2.2. Isu Strategis Pembangunan;2;2018
2.3. Prioritas Pembangunan Daerah;2;2018
2.4. Indikator Pembangunan;2;2018
2.5. Program dan Kegiatan Pembangunan Daerah;2.5;2018
3.1. Pelaksanaan Kaji Ulang RAD GRK /PPRKD;5;2018
3.2. Kerjasama lembaga Pelaksanaan Kaji Ulang RAD GRK /PPRKD;5;2018
3.3. Tahapan;5;2018
3.4. Pelibatan Masyarakat;5;2018
3.5. Proses pengarusutamaan;4;2018
7.1. Ketersediaan dan Aksesibilitas Data;4.1;2018
7.2. Kualitas Data;3.5;2018
7.3. Pengelolaan Data;2.5;2018
9.1. Muatan/Substansi;3.4;2018
9.2. Pelaksanaan;3;2018
9.3. Pelaksana;2;2018
9.4 Pemanfaatan;3;2018
1.1. Terkait Kaji Ulang RAD GRK /PPRKD;5;2019
1.2. Tingkat operasionalisasi regulasi Kaji Ulang RAD GRK /PPRKD;3;2019
2.1. Visi Misi;5;2019
2.2. Isu Strategis Pembangunan;5;2019
2.3. Prioritas Pembangunan Daerah;5;2019
2.4. Indikator Pembangunan;3;2019
2.5. Program dan Kegiatan Pembangunan Daerah;4;2019
3.1. Pelaksanaan Kaji Ulang RAD GRK /PPRKD;5;2019
3.2. Kerjasama lembaga Pelaksanaan Kaji Ulang RAD GRK /PPRKD;5;2019
3.3. Tahapan;5;2019
3.4. Pelibatan Masyarakat;4;2019
3.5. Proses pengarusutamaan;4;2019
7.1. Ketersediaan dan Aksesibilitas Data;1.1;2019
7.2. Kualitas Data;1.2;2019
7.3. Pengelolaan Data;1;2019
9.1. Muatan/Substansi;4.8;2019
9.2. Pelaksanaan;4.5;2019
9.3. Pelaksana;4;2019
9.4 Pemanfaatan;4;2019
1.1. Terkait Kaji Ulang RAD GRK /PPRKD;5;2020
1.2. Tingkat operasionalisasi regulasi Kaji Ulang RAD GRK /PPRKD;4;2020
2.1. Visi Misi;4;2020
2.2. Isu Strategis Pembangunan;4;2020
2.3. Prioritas Pembangunan Daerah;3;2020
2.4. Indikator Pembangunan;3;2020
2.5. Program dan Kegiatan Pembangunan Daerah;4;2020
3.1. Pelaksanaan Kaji Ulang RAD GRK /PPRKD;4;2020
3.2. Kerjasama lembaga Pelaksanaan Kaji Ulang RAD GRK /PPRKD;4.36;2020
3.3. Tahapan;3.99;2020
3.4. Pelibatan Masyarakat;3;2020
3.5. Proses pengarusutamaan;3.04;2020
7.1. Ketersediaan dan Aksesibilitas Data;3.77;2020
7.2. Kualitas Data;3.9;2020
7.3. Pengelolaan Data;3.23;2020
9.1. Muatan/Substansi;4;2020
9.2. Pelaksanaan;3.93;2020
9.3. Pelaksana;2.96;2020
9.4 Pemanfaatan;2.98;2020
